{
    "loss": [
        0.20032155513763428
    ],
    "mae": [
        0.29969215393066406
    ],
    "val_loss": [
        6.349801540374756
    ],
    "val_mae": [
        2.3816819190979004
    ]
}