{"loss": [0.5114597082138062], "mae": [0.5115489363670349], "val_loss": [0.3316113352775574], "val_mae": [0.4364793598651886]}