{"loss": [1.007748007774353], "mae": [0.7800499200820923], "val_loss": [1.1880581378936768], "val_mae": [0.9888110756874084]}